0,1,2
6.497706170164275e-11,1.716266514755512e-11,-5.8129696118135605e-11
1.2188195813521353e-10,3.349780852194341e-10,-1.6502516205050776e-10
1.856101538951602e-11,2.121147885367506e-11,-2.0935358122204245e-11
4.8895263164043777e-11,3.231660679332394e-10,-1.4096308919067618e-10
-2.3644806269036834e-11,2.544048683634765e-11,-4.936890095457767e-11
1.7462202595041264e-11,7.871636121499473e-10,-2.273033688960223e-10
-2.2882540970546847e-11,3.0065197997690814e-10,-1.5121733649217242e-10
-4.691755982232727e-11,3.5478000135635046e-11,-5.3325048872862705e-11
3.308863699107877e-13,1.3018598009677352e-09,-2.0749832355097573e-10
-4.679109004098056e-11,7.277867857906164e-10,-2.05469842373688e-10
-8.905927776888213e-11,2.775809531178753e-10,-1.5538710033678395e-10
-7.147048333252334e-11,2.8646890834837498e-11,-5.568562168051083e-11
-1.0025073317292414e-10,1.201490110284762e-09,-1.9221557107887254e-10
-8.560446961913485e-11,6.610474027219583e-10,-2.174262809677887e-10
-1.0176534451676707e-10,2.586670805063128e-10,-1.6217916977677086e-10
-5.3657617972000996e-11,2.8086623184748162e-11,-2.7285895257833828e-11
-1.2592216157610275e-10,1.0828496877502283e-09,-2.0290397744265005e-10
-1.0869131653284468e-10,6.49630123129181e-10,-2.159113341561164e-10
-1.1318806546769504e-10,2.4502028328134665e-10,-1.3647833568337853e-10
-7.181568233269829e-11,2.3471961121106934e-11,-6.008152750120865e-11
-1.3714259945936184e-10,1.0335189438188567e-09,-1.9596563517444313e-10
-1.328914864155959e-10,6.397863641058871e-10,-1.962980302238746e-10
-1.4041751206642548e-10,2.5218775291745247e-10,-1.6277557072072626e-10
-7.307229661950558e-11,2.2918376799063237e-11,-6.937866372655202e-11
-1.2937887575511222e-10,1.0210209528830315e-09,-1.9472022860103145e-10
-1.5841382805519273e-10,6.638945993969328e-10,-2.1263541818448287e-10
-1.5116354076460773e-10,2.6146629967972315e-10,-1.7510179382999824e-10
-1.1333108828679844e-10,3.710757190134166e-11,-4.99712405533861e-11
-1.3390039241720634e-10,1.0937983833350813e-09,-2.0605998888154094e-10
-1.7841377663106166e-10,7.06532490871361e-10,-2.3961754365451124e-10
-2.0489121158093568e-10,2.84013923610998e-10,-1.5876943260052164e-10
-1.556784836326462e-10,5.496667815958867e-11,-4.301645256459858e-11
-1.479998046299303e-10,1.1999755774027112e-09,-2.264846832912834e-10
-2.33106970501798e-10,7.65224446742153e-10,-2.3672626533617005e-10
-2.6417539583878293e-10,3.253635631604634e-10,-1.5162435042985077e-10
-2.1566788242653175e-10,5.4892550029948445e-11,-3.7136346059010804e-11
-2.3313918622818865e-10,1.337594704494251e-09,-2.3927677858999413e-10
-3.164158311371975e-10,8.292735743737945e-10,-2.317487349755729e-10
-4.00249690501334e-10,3.4874049920648417e-10,-1.4839022498161913e-10
-2.88047886485953e-10,3.8923249760773236e-11,-5.900063527943105e-11
-3.345422382531755e-10,1.463577585841985e-09,-2.7572024896307175e-10
-4.5402361150315866e-10,8.7527446681808e-10,-2.1893740504833396e-10
-5.171128314666143e-10,3.539899964690505e-10,-1.5865616186668963e-10
-3.8908282844445797e-10,7.563735130657613e-11,-1.4723882251965684e-11
-5.085536237695844e-10,1.5473488437390462e-09,-2.685870677082613e-10
-6.228272856490477e-10,8.986032153472424e-10,-2.214538095702703e-10
-6.91157337639947e-10,3.6417283281905147e-10,-1.7550564333261004e-10
-4.693560432643295e-10,1.965694348388417e-11,1.0642080754589737e-11
-6.632042507840708e-10,1.5775790845081865e-09,-2.8099199524661457e-10
-7.449082159798555e-10,8.853613701224249e-10,-2.3421715785345784e-10
-7.946817604443917e-10,3.751090269354956e-10,-1.8236904014756212e-10
-5.577081878184552e-10,4.6019045546304797e-11,-4.027561634557952e-11
-8.450731739361833e-10,1.5798994053094543e-09,-2.455965984451691e-10
-9.021875003653439e-10,9.57209011835636e-10,-2.0840695637487247e-10
-9.40724709983184e-10,4.096416424731778e-10,-1.7619131296484727e-10
-7.129878611981596e-10,1.0516090347607775e-10,-5.960451938020947e-11
-1.0333789782901674e-09,1.5822424197904255e-09,-2.3206420091855917e-10
-1.0697963305486318e-09,9.522944959158495e-10,-2.446816176762453e-10
-1.117505318328615e-09,3.9429321222498026e-10,-1.5357980235880722e-10
-7.946236594662243e-10,2.8605133600079378e-11,1.30105089423353e-11
-1.1053997754211911e-09,1.5688714838873843e-09,-2.457694863782508e-10
-1.1846445928094788e-09,9.887246097900762e-10,-2.3894705715613265e-10
-1.357776603590546e-09,4.4324468324535935e-10,-1.5190569747589966e-10
-9.311472188839323e-10,7.623324039264394e-11,-1.4754969871335388e-11
-1.2534769043005322e-09,1.6408254639934244e-09,-1.8934372619029363e-10
-1.3915979654341776e-09,1.0676371157408543e-09,-2.2439393306168382e-10
-1.5552050054732013e-09,4.828234653480621e-10,-1.8250265558064874e-10
-1.1663812359681997e-09,1.0518027554279834e-10,-5.951568279201791e-11
-1.426855266852614e-09,1.724067230877448e-09,-1.5609094718246763e-10
-1.5779646750756097e-09,1.1899961478672097e-09,-2.3770388637287787e-10
-1.7383530261799961e-09,6.059512562503374e-10,-1.1064471502483468e-10
-1.4286409442386939e-09,1.0619835451899955e-10,5.15207223488619e-12
-1.6339472293454104e-09,1.90157819333453e-09,-2.077389348482014e-10
-1.8501320700177244e-09,1.3359543226637306e-09,-2.184277857145007e-10
-2.3231281020942412e-09,5.997820787782104e-10,-2.408562967589465e-10
-1.841340036236479e-09,1.376758466051709e-10,6.205119289265426e-11
-1.8216450379828037e-09,2.0863958831613697e-09,-1.5313150589944097e-10
-2.2138202048707544e-09,1.5000900845246092e-09,-1.5832519700748172e-10
-2.6949137520698178e-09,7.475342941628326e-10,-7.523231325222148e-11
-2.4881513482116694e-09,1.3613452555134878e-10,2.616496807789262e-10
-2.2084425824647697e-09,2.343015003908186e-09,-1.169188145790721e-10
-2.7630231980578515e-09,1.7016726709866187e-09,-4.834555117594823e-11
-3.5328357525106973e-09,8.637367182079033e-10,-3.7941127323056265e-11
-3.314934270403901e-09,1.0846382982994969e-10,3.451278663838561e-10
-2.7434633047800098e-09,2.648301148424264e-09,-6.264000508424056e-11
-3.5807601475315384e-09,1.9205296793625817e-09,8.458860665554698e-11
-4.496209848052662e-09,9.143502819777643e-10,1.9690947597293447e-10
-4.881849452710616e-09,1.7853802780952014e-10,3.267738328444553e-10
-3.5549234233949874e-09,3.0486177411049152e-09,-5.3094628466604664e-11
-4.842888698638e-09,2.1136591173981995e-09,1.9423617689799232e-10
-6.791774498867931e-09,8.582605801575724e-10,4.1615075489454973e-10
-7.476589251641909e-09,6.315533685537235e-11,1.6514988902632297e-09
-8.011885870801471e-10,-1.2641138600451588e-09,1.2025077477187677e-09
-4.678163907552655e-09,3.32651852005406e-09,4.669580874706321e-10
-6.465576321843995e-09,2.469639420699214e-09,5.737897580136738e-10
-1.0353013751986867e-08,9.147566692707834e-10,1.7388974664014076e-09
-3.674803166233803e-09,-7.925943451322258e-10,-3.2512103725482887e-10
4.716189251938276e-10,-5.269441653437097e-10,-2.685003583082804e-10
-1.0573038267626189e-10,-9.63785136470452e-10,-4.6253207880132396e-10
-6.495153984878209e-09,3.810133832350863e-09,1.3415641392959784e-09
-9.897507013227548e-09,2.607168446232923e-09,2.511485389624163e-09
-3.854980615088614e-09,1.4518372303881237e-10,-1.2691300096589547e-09
3.50275513734399e-10,-3.5059123226796905e-10,-2.2062894183746337e-10
1.835528276739341e-11,-1.0006674918888601e-09,-1.114855428621313e-09
1.202802046937035e-10,-8.527880865511604e-10,-4.6441130417845463e-10
-1.0677210846223868e-08,4.110320136691725e-09,2.3134357673633095e-09
-4.0531590164694565e-09,5.704945591383663e-10,-1.42771825896751e-09
1.6718919693602897e-10,-2.0118846887163283e-10,-2.7395339499814634e-10
-2.8107454756851287e-10,-8.231042340785464e-10,-1.8154302880016316e-09
1.1191112550764098e-10,-8.660413570052051e-10,-7.572078155918406e-10
4.966021816123256e-11,-6.344110816203236e-10,-3.6231011081016524e-10
1.1058171523946996e-10,-1.276896368777127e-10,-3.7823484413505515e-10
2.4487511839799777e-10,-7.598946205156504e-10,-1.189300995547444e-09
3.0718658962451616e-11,-7.705038663161231e-10,-6.002428647926553e-10
4.707012529383174e-11,-5.049955691073078e-10,-5.292935201322269e-10
1.537244395345061e-10,-1.0695142877636727e-10,-4.5480012536537763e-10
5.395947060625401e-11,-8.006540041205186e-10,-9.248607161319695e-10
8.535737103727781e-13,-6.921336907012951e-10,-6.615063181539355e-10
1.1267881227231034e-10,-4.862306058333287e-10,-6.67732913680565e-10
1.8262367260375749e-10,-9.570010471904541e-11,-4.248191808262324e-10
-7.814324329157194e-12,-7.562751218524633e-10,-8.833873663216757e-10
2.843146336329902e-11,-6.8765177770509e-10,-7.666471761871653e-10
2.006861683532089e-10,-4.4973465272314226e-10,-6.317193911699838e-10
1.296706659811483e-10,-1.0220801972573284e-10,-4.376572086050184e-10
-3.322328819167194e-11,-6.970877618169619e-10,-9.055897751447032e-10
8.08093454953569e-11,-6.797738682617727e-10,-7.30026573275398e-10
1.559128234192413e-10,-3.990616075622142e-10,-6.165948013200219e-10
1.0578012759945313e-10,-8.716882666352236e-11,-3.8425988019493344e-10
-2.41606516145545e-11,-6.94110447788374e-10,-8.901257650102114e-10
5.929350801040428e-11,-6.113194095265933e-10,-7.091420284831431e-10
1.130221570861414e-10,-3.348951106422911e-10,-6.148941543743977e-10
8.269630062599356e-11,-8.29254832908704e-11,-4.5126757798483284e-10
7.1812783084106005e-12,-6.49791705758417e-10,-8.454673525910158e-10
4.9569242221526314e-11,-5.508723260348108e-10,-7.305458011761945e-10
1.2242268291569862e-10,-2.720376909685716e-10,-6.651519846295253e-10
7.551878164217849e-11,-5.1546579714106395e-11,-4.2409800420760706e-10
1.484707518877382e-11,-6.204647722616893e-10,-8.330720067745683e-10
8.219155766913604e-11,-4.636990810707259e-10,-7.162655702648897e-10
1.2576223123236208e-10,-2.4280436745803087e-10,-6.406669590360363e-10
7.66071357743514e-11,-5.1213290426972333e-11,-4.016482502126171e-10
4.875440908770146e-11,-5.67042338472849e-10,-8.10024552845152e-10
1.0307938374526887e-10,-4.386974782805034e-10,-6.976907117924216e-10
1.2524343626119419e-10,-1.975853086314418e-10,-6.250419703345962e-10
7.140817726281458e-11,-4.3053129335569454e-11,-3.8846874292927984e-10
4.131956702955686e-11,-5.303906465490929e-10,-7.375832189064654e-10
9.983494414475444e-11,-4.111179697737394e-10,-6.627343570928472e-10
8.824125385678858e-11,-1.8828797043578336e-10,-5.708835326591097e-10
4.1693054003602254e-11,-3.884282173363491e-11,-3.869448693413294e-10
4.026378479353047e-11,-4.899593603737862e-10,-6.973679216301281e-10
9.217631383557755e-11,-3.6537757965152045e-10,-6.049763039581341e-10
7.743900552214782e-11,-1.6228436491924154e-10,-5.963666616989951e-10
4.5282234607263216e-11,-3.015862944673035e-11,-3.925033269889064e-10
6.067925680337274e-11,-4.61128965664762e-10,-6.394197060653043e-10
8.87968031294972e-11,-3.293210205605859e-10,-6.110013996073073e-10
1.0401207027139127e-10,-1.4717685503603538e-10,-5.831243308191147e-10
2.992847960571538e-11,-1.0974457129448731e-11,-3.5603778456616124e-10
5.045209365954092e-11,-4.4719990575074887e-10,-6.127138095851511e-10
9.353372163919911e-11,-3.146075628989576e-10,-5.982945508860578e-10
9.437593588300145e-11,-1.2268578651206818e-10,-5.489720482264971e-10
3.277112925128962e-11,-7.93392758288918e-12,-3.5302855012689444e-10
5.454476745654949e-11,-4.279565232191549e-10,-5.941175982889968e-10
1.0061406866937677e-10,-3.029875650075122e-10,-5.730573321646949e-10
1.0340504092288467e-10,-1.1732595040495663e-10,-5.660098662997242e-10
5.49414401409885e-11,-3.176993515978757e-11,-3.4540630370171064e-10
5.409646629921059e-11,-4.2227953301211367e-10,-5.755252137747342e-10
9.341344785844391e-11,-2.8448343942280785e-10,-5.613703224863303e-10
9.011283949767328e-11,-9.606429518518028e-11,-5.27649180629497e-10
4.924502285693008e-12,-4.165181178101882e-12,-3.3804266515997e-10
5.465711439197898e-11,-4.176633665611463e-10,-5.59246287047333e-10
1.1788942077546887e-10,-2.5544874967757047e-10,-5.462369710805326e-10
9.107355911965223e-11,-8.083896026193498e-11,-4.944169788149006e-10
2.8881471726419646e-11,-1.70791002723106e-12,-3.0510034821540076e-10
7.984058905640555e-11,-4.1786105349802115e-10,-5.420004557863644e-10
1.2765242241997305e-10,-2.3399577052412924e-10,-4.754845636323721e-10
1.0057632240585101e-10,-7.466987039948445e-11,-4.5299169681779935e-10
9.235165683403782e-12,-1.7987864535450063e-12,-2.845502300089293e-10
1.0770114626927777e-10,-3.9129211587710733e-10,-4.688826266250327e-10
1.2148680727517818e-10,-2.2564248440073488e-10,-4.3944115355242515e-10
8.643013162267221e-11,-6.235268653791914e-11,-4.091601054359073e-10
1.181183377147331e-10,-4.0058004526777503e-10,-4.248157415512917e-10
1.0071199409292356e-10,-2.1638681476712257e-10,-3.8573257653753046e-10
9.170515868168798e-11,-3.6953427975206115e-10,-3.655271131398409e-10
1.2407482923489164e-10,8.635629934255009e-10,-2.2077483161642487e-10
1.1716594108126403e-10,2.990332890189539e-11,-2.5516995904838855e-11
2.1623514911257213e-10,3.720604452292317e-10,-1.4729862644228013e-10
3.907815579028944e-11,-1.352047074744872e-11,-1.1420880867280222e-10
9.010708688208541e-11,1.3682549497896714e-11,-4.321974790618588e-11
6.519197256711177e-11,1.8980115760480006e-11,-1.3629917628530333e-10
1.8128391641546431e-10,1.9026653204432578e-11,-6.307921337593138e-11
7.232232703944096e-11,1.667795581020077e-12,-5.114721793107838e-12
8.958722478075345e-12,5.3000656394712085e-12,-1.1374391651899794e-10
4.939080531279482e-11,2.708214049483672e-11,-6.813808052239842e-11
2.1238093190425769e-10,3.283911724043823e-11,-6.235115452622102e-11
1.467197883139658e-10,1.8061795262262207e-11,-9.27434482914809e-12
-4.1382145167763955e-12,2.0450489949035037e-11,-1.4010518054212314e-10
6.255963046362766e-11,1.331469940076573e-12,3.6422961232020957e-13
2.851822105440663e-12,9.338552740297947e-12,-1.2451918520555652e-10
4.744769475259145e-12,-7.410145368054884e-12,1.3324858032264855e-11
2.2818729745859617e-10,2.1170106384784423e-11,-5.053921932280425e-11
1.754096352684588e-10,3.21891448234238e-11,-1.6957336789316836e-11
-1.834144314261048e-11,9.429762913006328e-12,-8.035660200188658e-11
1.23921251798772e-10,1.8384080132472033e-11,7.130950996415116e-13
-1.1299267372020022e-11,1.7719018449212707e-11,-1.517533870150877e-10
5.3491020421424516e-11,1.510457130888864e-12,1.6580803409442081e-12
5.74652533986684e-12,4.3272163673260776e-12,-1.3523491472522335e-10
1.9507543726244234e-10,3.2173743409764654e-11,-2.6049179395612726e-11
-3.4876428332603075e-11,-3.5038655108227344e-11,-1.1129378564534605e-11
1.5537646835294495e-10,3.277972005888318e-11,-3.481829048380327e-12
-2.2088368053462615e-11,-6.859760146426951e-13,-9.057886658709213e-11
1.1211907594499332e-10,1.9576877162396918e-11,4.429029751021544e-12
-2.2989273866490003e-12,1.4194894766326787e-11,-1.739307605792661e-10
5.336722018987855e-11,2.3713765331878618e-12,2.8472670010858237e-12
2.7228214309220234e-12,5.136309201648971e-12,-1.3266206730109627e-10
1.7797644240784907e-10,4.2512273944933906e-11,-1.3969361848882088e-11
-3.343074897230943e-11,-5.51465683035528e-11,-1.8980808853466187e-12
1.4229555924050255e-10,4.1804113685416056e-11,3.39172224169072e-13
-2.1559209502632435e-11,-5.869366233556235e-12,-9.67658901960331e-11
1.0075867471347264e-10,2.3472980643537895e-11,5.72458395590068e-12
-9.96148869223576e-12,5.3834305164853805e-12,-1.6185227788942208e-10
4.8039928874702255e-11,3.440201540263697e-12,1.4177511018555001e-12
7.448546803085633e-12,6.990424753423788e-12,-1.531972912194915e-10
1.6424111506610501e-10,4.50273140102043e-11,-1.2284080313258697e-11
-4.3698103271345535e-11,-5.720386634447889e-11,-1.0470189952266801e-11
1.3149866926578054e-10,4.7836526239206427e-11,2.6140776218266956e-12
-3.195098028623094e-11,-1.396759112410541e-11,-9.981853021356918e-11
9.272432508814888e-11,2.5672086920165144e-11,7.77950794608889e-12
-8.419430692071867e-12,1.2375405765207476e-11,-1.847806785636766e-10
4.018425389434581e-11,5.485704341976222e-12,4.497028556058993e-12
2.969800578806321e-12,8.043326037788458e-12,-1.51533997135351e-10
1.5714133705739533e-10,5.279716173733699e-11,-1.3858291891889062e-11
-4.831614333175025e-11,-7.475961658248815e-11,-1.0295537414673014e-11
1.2106435620087634e-10,5.4603195935995576e-11,1.2950970095643662e-12
-4.0997392102222826e-11,-1.495172483533335e-11,-1.0775538811815483e-10
7.898656684662432e-11,3.292664994744459e-11,9.552576650448753e-12
-8.752582834292375e-12,1.6363782476643468e-11,-1.8896453137586006e-10
2.914706426760456e-11,2.800544012572003e-12,4.3918702792860016e-13
-2.0283485654078023e-12,6.613394694218354e-12,-1.631963211668977e-10
1.4392724826395801e-10,6.485446596417329e-11,-1.593350487699975e-11
-6.078641414369752e-11,-9.884364023606062e-11,-1.916181871640525e-11
9.984752213585015e-11,6.327207330609553e-11,1.319215217949774e-12
-4.762841623550374e-11,-2.1264747086897982e-11,-1.2078565929223537e-10
6.07875253757553e-11,3.620637174817332e-11,7.62356457469293e-12
-1.8732922442184576e-11,-8.46270421716851e-13,-2.1959113678822837e-10
1.7628222509824928e-11,4.235411521125639e-12,1.2273658153961329e-12
6.316137704688312e-12,-9.72768940558808e-13,-1.6922303663407205e-10
1.217076337092995e-10,8.021232060476509e-11,-1.651144467866901e-11
-7.235727642579577e-11,-1.1548743149047822e-10,-3.4927185841557005e-11
7.684705386470819e-11,7.577778664929132e-11,1.5529938858236553e-12
-5.713705188560447e-11,-3.3756967487451016e-11,-1.5641091123731142e-10
3.5417160585117814e-11,4.1066664995406066e-11,1.075306168735211e-11
-2.1710558367841322e-11,-4.5752330682706715e-12,-2.188217763769172e-10
5.849476763730532e-12,7.0088528152353974e-12,3.558342102596824e-12
-8.110077503836563e-12,4.638101100451263e-13,-1.6899566435068835e-10
9.929309581690358e-11,1.003761774633651e-10,-1.7225738196271203e-11
-7.19895693712996e-11,-1.3214724685418783e-10,-7.779219443969269e-11
5.013877122306031e-11,8.548483749548873e-11,6.1814764961392185e-12
-5.138830324600665e-11,-5.972005341223637e-11,-1.7309393097232917e-10
1.1023988167865787e-11,4.468480872803535e-11,1.1950078515598608e-11
-2.870696503377071e-11,-2.0097177264137542e-11,-2.4093362815344393e-10
-1.2132705979057064e-11,6.641341530370907e-12,-1.7199642252618025e-10
6.760422226208283e-11,1.2055403559496785e-10,-1.359447252081168e-11
-6.355104396077832e-11,-1.45924914922151e-10,-8.946347482890855e-11
1.6424262433995273e-11,9.92202619432555e-11,7.855344320915813e-12
-4.706324500386806e-11,-7.945402578531376e-11,-1.8832729691177164e-10
-2.9939777594565413e-11,-2.5529130705544288e-11,-2.427385372233886e-10
-4.431148112025259e-12,6.0188030648397885e-12,-1.7670132865779934e-10
3.205613025840149e-11,1.4053978594362214e-10,-6.700823336907489e-12
-6.011635144756945e-11,-1.635814090284208e-10,-1.1411502940893549e-10
-1.5908627895164822e-11,1.1059625272500931e-10,1.0968027468779466e-11
-4.7896924370299976e-11,-9.987049242912754e-11,-1.9036698627509408e-10
-3.3684577744705335e-11,-2.5166900512232434e-11,-2.38673417538248e-10
-2.6102123633862548e-12,1.6316033834191928e-10,-1.994694733284815e-13
-4.4954711709547105e-11,-1.846340751760179e-10,-1.2144823757194598e-10
-5.3057457998656796e-11,1.2089871151986844e-10,1.2464467298147814e-11
-4.6089379048657674e-11,1.8593516569204668e-10,2.167103185536241e-12
9.28244568763246e-11,-3.4001330510975657e-10,-3.6046027500590705e-10
8.192234420826389e-11,-2.965675331600424e-10,-3.269059622385123e-10
8.78771388371873e-11,-1.998296091200486e-10,-3.7541394310981025e-10
8.405238778425646e-11,-2.7940832633694726e-10,-3.0616270953381107e-10
8.392575734149757e-11,-1.8965275824323356e-10,-3.6423460595256e-10
7.321604131104528e-11,-5.922825891119727e-11,-3.820458337683204e-10
8.887204354948254e-11,-2.5910724494314015e-10,-2.571521544429487e-10
8.365311974274392e-11,-1.7390054566240981e-10,-3.283926623578811e-10
7.610632711099437e-11,-5.951901844374624e-11,-3.7965342145564e-10
2.3512010181557965e-11,-5.357848517067243e-12,-2.6621737259042787e-10
7.939866207508297e-11,-2.1971119301457572e-10,-2.232658243515836e-10
9.329372154859711e-11,-1.3926428039546782e-10,-2.936751819018324e-10
7.580539109766932e-11,-5.683717441525415e-11,-3.441442693399351e-10
2.348651514265438e-11,-1.0243904306548044e-11,-2.546956790493926e-10
7.606208607718691e-11,-1.852640011458337e-10,-1.9951902042958984e-10
7.028771138107223e-11,-1.1575126373430738e-10,-2.610309483853807e-10
5.836505879099251e-11,-3.710164973407253e-11,-3.0839335712683956e-10
2.2785842156345537e-11,-3.003857029374121e-12,-2.351757744265835e-10
7.694559434835255e-11,-1.7317469456975062e-10,-1.7998499447347452e-10
4.8311014505094844e-11,-9.878415786967549e-11,-2.474773475609597e-10
4.438614295670579e-11,-3.397577973317846e-11,-2.9571251372136374e-10
1.4970946097855106e-11,-3.865689462033037e-12,-2.1131512038308006e-10
7.371042686223418e-11,-1.572631676922394e-10,-1.4443693169911006e-10
5.926437525447746e-11,-8.162558545851438e-11,-2.359659040066744e-10
4.2791625681563624e-11,-3.6499962202899954e-11,-2.861308869360003e-10
6.7851148247219356e-12,-3.744478378020573e-12,-2.1288648320564234e-10
7.402433111083372e-11,-1.497420826489881e-10,-1.193074346493741e-10
5.543408421678273e-11,-7.450599896284155e-11,-2.0500638134958208e-10
3.3697338377422233e-11,-2.0027993250951805e-11,-2.67206347978236e-10
9.470548045924486e-12,1.8831498819400357e-12,-2.023959190164667e-10
7.000802785288108e-11,-1.4344563539199267e-10,-9.548408546749477e-11
5.741909585923254e-11,-6.982423341824558e-11,-1.8722793693345048e-10
3.5645604385800576e-11,-1.125818938930986e-11,-2.4833092853010565e-10
8.398377061058834e-12,-1.2010164659931723e-13,-1.8418338216769376e-10
6.296454347141566e-11,-1.3419792943464645e-10,-8.24637483156133e-11
4.854595649243341e-11,-5.842713321777916e-11,-1.5925786268692187e-10
3.133397941135446e-11,-6.328205086725925e-12,-2.3258200431238942e-10
6.744121470483906e-12,9.73996094633631e-13,-1.772508290994882e-10
5.779412182233421e-11,-1.2784242327032617e-10,-5.6760525320464005e-11
3.984979317079963e-11,-5.726530469568517e-11,-1.4190014524564544e-10
3.0371477871081285e-11,-1.0860905684405761e-11,-2.1145428732172906e-10
1.834813555832954e-12,-7.357424684020929e-13,-1.6982140724037616e-10
5.024935348645706e-11,-1.2368088740175075e-10,-4.049912758570227e-11
4.697801373890088e-11,-5.225408407460344e-11,-1.2363888883969172e-10
3.076845053490959e-11,-1.7435229715839325e-11,-1.8760366978702895e-10
1.2847365305289989e-11,2.245104969848881e-12,-1.6024074223668334e-10
4.326199993470598e-11,-1.0801197887730025e-10,-2.8493570006777226e-11
3.766213201589532e-11,-4.2803998051061676e-11,-1.1385761880704222e-10
2.889148521568824e-11,-6.291987215687672e-12,-1.7213730341468794e-10
3.666917383991991e-12,7.72236475332899e-12,-1.4420406221224714e-10
4.296290976687479e-11,-1.0056684855236588e-10,-3.279563129659837e-11
3.4537431548612724e-11,-4.599622166361982e-11,-9.589298648344945e-11
1.614261943560224e-11,-6.157889815662973e-12,-1.6112840667956955e-10
5.610089958857748e-12,2.6341239432838968e-12,-1.3078680760904238e-10
4.087847299900976e-11,-8.416724641737442e-11,-2.0994812412980844e-11
2.9856826443441236e-11,-3.621957272479572e-11,-9.061253334049404e-11
1.7178876150025098e-11,-6.8112334165514e-12,-1.517735882875205e-10
1.1421634086190974e-12,1.725318706642841e-12,-1.236670499522173e-10
3.158465828186435e-11,-8.026907538902275e-11,-2.470526237130868e-11
2.1102089379961237e-11,-3.4281108533612943e-11,-8.991867734410166e-11
1.8071633942283074e-11,-4.694751383727136e-12,-1.4294880423189428e-10
5.1974535755560053e-14,1.900201252619433e-12,-1.2111370232374837e-10
4.426273713946644e-11,-6.09843204682515e-11,-2.793059495339069e-11
2.3465497642819854e-11,-1.9776192215902865e-11,-9.650468495973525e-11
1.2468908324725147e-11,9.735147759354355e-13,-1.4035092354551073e-10
-2.3875968404066867e-12,2.3996915835598176e-12,-1.1072597514585736e-10
-1.5087915479585416e-10,-4.4299489326408003e-11,-6.944131707125407e-11
1.4163457278200908e-13,-5.489203907776028e-11,-1.2945443737812067e-11
2.0208024584883912e-11,-1.0756946528558288e-11,-9.284088517226704e-11
3.3702375216305385e-12,8.516469095993065e-12,-1.4020045181221534e-10
-8.41640728979606e-13,2.81992944902203e-12,-1.0981761564524924e-10
-1.2356850007613218e-10,-4.387714994119379e-11,-3.0297290754670426e-11
-1.342861145402481e-10,-6.406669207673085e-12,-7.250202353254235e-11
-2.905715519723808e-11,-1.1576112922482535e-13,-8.07933214908571e-11
6.746608184208272e-12,1.284837902800441e-11,-1.4383540031405494e-10
-6.544854376149461e-12,6.73616366971108e-12,-1.1089871547919186e-10
-1.3510041625756896e-10,-5.6149272393057966e-11,-1.48300600797708e-11
-1.0544391552811643e-10,-1.1026676674337305e-11,-1.8940692263251526e-11
-1.169521934488437e-10,2.9346139350771387e-12,-7.196867926759291e-11
-4.310760664781264e-11,8.06714917998153e-12,-1.4154429081895515e-10
-4.679614738492183e-12,6.242736553525879e-12,-1.09519681574463e-10
-1.6038238970496315e-10,-6.336138445505246e-11,-8.380567036008801e-12
-1.086698697918914e-10,-2.1381721897148986e-11,-6.4961678725958324e-12
-7.937924948377268e-11,-2.672061516708745e-12,-1.141231542565248e-11
-6.786175376395706e-11,1.3655069683841697e-11,-4.483965224801456e-11
-4.271626010561736e-11,-7.1366148665824936e-12,-1.0913380598280845e-10
-1.983849555195428e-10,-5.689695513390679e-11,-2.3193706147598826e-13
-1.2340522282719282e-10,-2.734416705089441e-11,-1.9450230575629288e-12
-7.513235178176739e-11,-7.421839899573289e-12,-3.973301231253375e-12
-3.704201356817728e-11,2.121244511416097e-12,-6.612063701199045e-12
-2.333729815980113e-10,-4.405948053948837e-11,3.268516867301755e-12
-1.5063904166332372e-10,-2.761464685089031e-11,1.4664235121692626e-12
-8.22288203968602e-11,-9.269551708989361e-12,-1.4818746979883179e-12
-2.593576484009239e-11,1.2097061269341174e-12,-4.130681140205543e-12
-2.6493491717160063e-10,-2.3374190036738582e-11,8.094464071097201e-12
-1.7741737845365732e-10,-2.32955626696751e-11,8.578106476242967e-12
-1.0052153894716781e-10,-8.790138448997365e-12,6.314879924922513e-12
-3.186117202591938e-11,-2.485286792249451e-12,2.8244039569550394e-13
-2.9385541547708805e-10,-4.747819425099237e-12,8.503583926045614e-12
-2.0512481515762403e-10,-1.551644304715043e-11,8.275414926608512e-12
-1.1913138649239786e-10,-1.039064226440809e-11,4.4655434601549575e-12
-3.9386783005308454e-11,-1.320151206359745e-12,2.6655746560939537e-12
-3.0810748340354695e-10,1.46595343977161e-11,1.4378088733506262e-11
-2.3041636159241484e-10,-2.632548279998724e-12,1.2425974726994749e-11
-1.4105814714645884e-10,-6.348286143081224e-12,1.0544178936804867e-11
-4.9163070969941856e-11,-2.172943769759767e-12,4.5091227095012104e-13
-3.22177358342881e-10,2.430904625365608e-11,1.1600623713083466e-11
-2.4676430914443603e-10,5.509348370584181e-12,1.3736702138597065e-11
-1.6197383237042158e-10,-3.3774549102956613e-12,8.562403141230256e-12
-6.210460738852566e-11,-3.64806728121404e-12,-1.0632306494085417e-12
-3.371678134500099e-10,3.4199220159344446e-11,1.413258077014483e-11
-2.6041381295171874e-10,1.1073160475208932e-11,1.60152836072628e-11
-1.7206639560107596e-10,4.392926164506556e-12,9.021595200739792e-12
-7.033173958798837e-11,-1.7440973875162975e-13,1.1850601037240633e-12
-3.516681123223907e-10,3.173616874328069e-11,1.0692604211295668e-11
-2.784581136644871e-10,1.576521304221096e-11,1.897160523592997e-11
-1.8966362510220076e-10,1.8257120306592606e-12,1.369867504564845e-11
-7.523603502780442e-11,9.908977985213378e-13,2.9190724198556557e-12
-3.686415625664053e-10,3.307886612388794e-11,8.359810582820313e-12
-2.972213105076411e-10,1.9598012455261412e-11,1.83874094294862e-11
-2.0666041398314786e-10,6.669369928199984e-12,1.4683007885566263e-11
-8.95158780873251e-11,-6.154816603325869e-13,3.1598748109466286e-12
-3.838473232475756e-10,3.3576110903173074e-11,5.613561286498809e-12
-3.165481977817089e-10,1.9089639588769286e-11,1.603192083344023e-11
-2.2380673551995843e-10,6.931060180338723e-12,1.860860369467444e-11
-8.740802632200753e-11,3.622635603885995e-12,4.5664773530419735e-12
-4.0557870582616295e-10,3.697757649555227e-11,8.512362868869722e-12
-3.2953325050199554e-10,2.415058688704836e-11,1.6872052631800902e-11
-2.4215498412069477e-10,1.0677328179906702e-11,1.7969760467077437e-11
-9.845759734613544e-11,-1.271196157370217e-12,2.5734575979806777e-12
-4.25449762053026e-10,4.981472989849001e-11,3.3326179983418834e-12
-3.4587360095672555e-10,2.8475011976335695e-11,1.8010700207162497e-11
-2.5775847187240263e-10,9.096505043344792e-12,2.2177192733607866e-13
-1.107421773521732e-10,-5.2729711578466564e-12,6.18482036419112e-12
-4.34055312885483e-10,6.937244104572293e-11,1.0025217845818497e-11
-3.621020737734268e-10,3.489407683336744e-11,2.1270949470916155e-11
-2.6658969186325553e-10,1.2157953317833634e-11,2.107198558664666e-11
-1.206608603784503e-10,-1.806479329265797e-12,9.53709623876637e-12
-4.4004123834680087e-10,9.397889722731568e-11,1.1189203387484461e-11
-3.756956117638145e-10,4.3084927210211676e-11,1.7675599911210446e-11
-2.820318698289678e-10,1.497338494565139e-11,2.195719839332344e-11
-1.3104907916489948e-10,1.6509494764903278e-13,1.1362627657721666e-11
-4.371137776383384e-10,1.1775603298218782e-10,1.039822613631626e-11
-3.7926543587304153e-10,5.8150166792163504e-11,1.9643233975594994e-11
-2.9385836597588247e-10,1.7082595231632007e-11,2.182835085648414e-11
-1.3900026898926232e-10,-6.260274200363461e-13,8.993715842401385e-12
-4.218160621996868e-10,1.4216143095633842e-10,1.447661353047241e-11
-3.738284075027733e-10,7.769934745283729e-11,2.1233671157404357e-11
-2.9420365658744627e-10,2.4306960902995933e-11,2.290999775500006e-11
-1.4133305671128188e-10,-9.08183679049507e-13,4.935508620477262e-12
-3.9433765936613783e-10,1.6887591199932767e-10,1.7625082744095367e-11
-3.636003534317259e-10,9.36641435239997e-11,1.8941691687123857e-11
-2.923790646117896e-10,2.791609425442394e-11,2.3022610760974775e-11
-1.476510497880657e-10,2.798873588831075e-12,8.906736667858656e-12
-3.5940011225639614e-10,1.898765440331201e-10,1.9264334325480224e-11
-3.4617040543040503e-10,1.0161132044827081e-10,1.6252846735810023e-11
-2.8721393379218725e-10,3.285726548013504e-11,1.9757509168073628e-11
-1.413317437371326e-10,-2.0407183297818407e-12,5.626925359607394e-14
-3.259825162998216e-10,2.0844160475423722e-10,1.6955892268699963e-11
-3.126169577195552e-10,1.2200554469154686e-10,2.4686943477448637e-11
-2.776285072356855e-10,4.268354670248038e-11,2.3033626506882708e-11
-1.4630861575341938e-10,1.3013489357554087e-12,4.300648386998047e-12
-2.8035736332191306e-10,2.1537408065847033e-10,1.8080146898122582e-11
-2.879369597250721e-10,1.2533992234784092e-10,2.2978560757056182e-11
-2.5087075276281025e-10,5.0477962127288837e-11,1.54550766073259e-11
-1.4118751852070105e-10,4.133362065780956e-12,4.836440282555423e-12
-2.372491936394018e-10,2.2442170086459511e-10,1.7904584272643177e-11
-2.5295507866009803e-10,1.281866038912975e-10,2.5394646797187233e-11
-2.379428510623236e-10,5.49073673176584e-11,2.3624635244203477e-11
-1.3033895044740407e-10,2.0894987152980826e-12,9.384364135964633e-12
-1.913196435344273e-10,2.2261872949446356e-10,1.6284609532902378e-11
-2.1596077941298066e-10,1.3436351696511593e-10,2.2557108575247776e-11
-2.0396894451956308e-10,5.256360167467332e-11,2.120029833044014e-11
-1.2963377830017934e-10,1.079572163921315e-11,9.2224208479899e-12
-1.4497729081283262e-10,2.1631184855123736e-10,9.243456933049813e-12
-1.7911012436590982e-10,1.364004038740718e-10,1.853051197821553e-11
-1.7368135104241332e-10,5.431617976029611e-11,2.1341499744268936e-11
-1.0542519957935144e-10,9.27626016031758e-12,6.7505487204711185e-12
-9.574513384764133e-11,2.0579035892529533e-10,8.54245702138376e-12
-1.3600416042926876e-10,1.3353261434824056e-10,1.728626807734164e-11
-1.443008794004471e-10,5.6221302975104904e-11,2.0203753421884857e-11
-9.059333969047759e-11,7.282442618631739e-12,5.733462242740299e-12
-9.478831860833919e-11,1.296875865897277e-10,1.622358092319463e-11
-1.1314214102780726e-10,5.750125181504293e-11,1.9143736632283977e-11
-7.369646956228472e-11,5.868172630047243e-12,4.178504967623952e-12
-8.024677276253542e-11,5.718395666206297e-11,1.6653057746159473e-11
-5.896094297631472e-11,5.970021398175603e-12,4.132822401017463e-12
-4.920759293794719e-11,5.29804907370956e-11,1.575471513406078e-11
-4.20379900128811e-11,7.750751186348292e-12,4.978795664189929e-12
-1.644243094611861e-11,4.850918935684176e-11,1.4175057950183515e-11
-2.4696355414253594e-11,6.855041187435059e-12,5.2798697456185916e-12
-9.924842637085299e-12,5.159780130433463e-12,3.727694199226267e-12
-5.651698897607654e-11,-1.956407972966075e-10,-1.145430869224088e-10
-5.47293662488256e-11,-1.0908897900194409e-10,-1.9149552789769233e-10
-7.369513174902479e-11,-2.2636257411334391e-10,-1.446542010605432e-10
-6.181465370048174e-11,-1.172642069090358e-10,-2.0752836063618437e-10
-6.993012921726765e-11,-2.387262779351819e-10,-1.5014605987361057e-10
-3.437177156512652e-11,-3.141632153415212e-11,-2.562225009239562e-10
-5.6129553488533624e-11,-1.2112046599588076e-10,-2.1514487228302151e-10
-8.682129496068488e-11,-2.5736144943392487e-10,-1.6714825607389216e-10
-2.737875562543101e-12,2.7303197210905783e-12,-1.805844476534603e-10
-3.100789569067629e-11,-3.795608014746142e-11,-2.71982084984469e-10
-7.63794501960241e-11,-1.36320639251004e-10,-2.3525712485849146e-10
-1.0177565576081865e-10,-2.824632144836665e-10,-1.9877998308896543e-10
-1.57480383651617e-11,-1.5366028906063337e-11,-1.8541099231090825e-10
-5.659367420613257e-11,-3.7602629923811894e-11,-2.8534416659335744e-10
-1.0563513672582229e-10,-1.4898684415871922e-10,-2.5389802618371967e-10
-9.515785557733768e-11,-2.99421188826506e-10,-2.7550499807396963e-10
-2.3608574225658623e-11,1.2107389405497456e-12,-2.0888374352319257e-10
-7.089168785046507e-11,-3.517390365175282e-11,-3.1314222480696066e-10
-1.033380080752989e-10,-1.728585681946879e-10,-3.369375713208465e-10
-7.032685908907617e-11,-2.951543225812009e-10,-2.9470071371629107e-10
-1.3049773419374074e-11,-1.23530609067019e-11,-2.2898510610017362e-10
-6.218896380661532e-11,-5.042916565925667e-11,-3.65893681912982e-10
-7.993690853505168e-11,-1.8689652360926157e-10,-3.4170740428022235e-10
-6.300999262610183e-11,-3.5159089872436264e-10,-2.9834803388552864e-10
-3.709691638805544e-11,-1.0413552421050921e-11,-2.334103630027121e-10
-6.411374783418754e-11,-7.504604062154198e-11,-3.68274821809164e-10
-8.812091446350891e-11,-2.0616407747039255e-10,-3.278052362557017e-10
-8.447148805140019e-11,-3.745917829720833e-10,-3.2197209975766185e-10
-1.0098528388870372e-11,1.1246255328318531e-11,-2.503103235693791e-10
-6.4232507727619e-11,-7.376264800785932e-11,-3.812592075355658e-10
-1.0656831971923207e-10,-2.1792528999662247e-10,-3.856238099294874e-10
-7.872033998047634e-11,-3.892158193316592e-10,-3.750567037239457e-10
-2.9040529674156577e-11,-1.2555519947427795e-11,-2.7145749257870997e-10
-7.361297482575463e-11,-8.433668031450715e-11,-4.2392231654458603e-10
-8.992089101278139e-11,-2.399093847951717e-10,-3.9853709853243276e-10
-6.2144039888227e-11,-4.061081683060115e-10,-3.832633205499137e-10
-3.0888481454206327e-11,-1.8003772049769524e-11,-2.834733660398948e-10
-8.421775935805308e-11,-1.0238450492087806e-10,-4.367887511048363e-10
-7.427226478242869e-11,-2.7495327440484714e-10,-4.0762490291403027e-10
-7.103402705900465e-11,-4.528114003054231e-10,-3.831143666919907e-10
-4.3954763075198005e-11,-1.4034280387219277e-11,-3.1293798581523057e-10
-7.521160492958973e-11,-1.1286430022137774e-10,-4.4009380934975476e-10
-9.528407456385434e-11,-2.9750448725634536e-10,-3.906710981892147e-10
-9.034882555314231e-11,-4.879142660931767e-10,-4.306294690296525e-10
-5.53808732051323e-12,-1.1596127878888192e-11,-3.1761322277883926e-10
-7.508784226097262e-11,-1.1951719440625984e-10,-4.2958380872878366e-10
-1.212760987397424e-10,-3.518226843322371e-10,-4.380992294877102e-10
-8.699519336896614e-11,-5.411031610492325e-10,-4.807257859247729e-10
-1.2570203023930687e-11,-1.6975366299144934e-11,-3.049107956816237e-10
-1.0785848577632776e-10,-1.4179615535128308e-10,-4.4142917342300243e-10
-1.3814067709310734e-10,-3.8329244447454464e-10,-4.505280232028992e-10
-6.18518417486063e-11,-5.708854309271381e-10,-5.488592167720736e-10
-3.8872021122956845e-11,-2.7623276824243312e-11,-3.0738342508066276e-10
-1.324420796934097e-10,-1.6179744725897087e-10,-4.752477220340608e-10
-1.861819024037142e-10,-4.3751629462750366e-10,-5.23877175329123e-10
-2.6002670917415694e-11,-5.280046931253668e-10,-5.81475128278754e-10
-7.039671591897624e-11,-3.081555186171346e-11,-3.4376984173092563e-10
-1.598122888585799e-10,-1.6265796516612932e-10,-5.361376855822417e-10
-1.0148573864705805e-10,-4.389750521483477e-10,-5.906712153932726e-10
-1.7118158292299415e-11,-5.27929821254563e-10,-5.992714826696423e-10
-6.422698485467717e-11,-2.8902312850664818e-11,-3.8980210103920793e-10
-1.2137472335650968e-10,-2.0132623153969636e-10,-6.005303515479332e-10
-9.223148834229032e-11,-4.186380185567916e-10,-5.994537989730918e-10
-5.109656535716521e-11,-5.547145133833418e-10,-5.935116122666464e-10
-6.3401830120574e-11,-4.747547831175916e-11,-4.2265442176330073e-10
-1.098566832521461e-10,-2.1257966289845934e-10,-5.884133259222507e-10
-8.459724764869547e-11,-4.116227064312157e-10,-5.554071538102698e-10
-3.1663998900112304e-11,-5.771316423201326e-10,-6.361213577751098e-10
-5.8147481628656846e-11,-4.868952622558026e-11,-4.2305285317938674e-10
-9.921643883718384e-11,-2.2099594406761751e-10,-5.709058251471179e-10
-8.830173243499606e-11,-4.870518106880912e-10,-5.792980176577511e-10
-1.896720961185146e-11,-6.265550331815483e-10,-6.172790429318609e-10
-4.754101463822903e-11,-3.551399675430511e-11,-3.98207508569248e-10
-1.2223847557493267e-10,-2.3733891694675815e-10,-5.291290251335831e-10
-9.259378708575079e-11,-5.435456470978948e-10,-5.422028103121663e-10
-1.4101993039383732e-11,-7.153115724937171e-10,-7.053128251788676e-10
-6.674186244336175e-11,-5.197369305242606e-11,-3.9435294850780536e-10
-1.361481259514954e-10,-3.1564139454374684e-10,-5.470314664439828e-10
-1.1402725417313015e-10,-6.499910180544882e-10,-5.650679711634969e-10
-1.395397131036958e-13,-7.571910094413592e-10,-7.270161754467832e-10
-1.201105613322167e-10,-8.642113554885246e-11,-3.4014177344367785e-10
-1.8500128857296064e-10,-3.541828750955567e-10,-4.975280778409316e-10
-1.006775025119499e-10,-7.48689393318037e-10,-6.205291256635019e-10
-2.7817603120213706e-11,-8.355576344734392e-10,-7.955031351522258e-10
-1.2736864448314228e-10,-1.0822321347858023e-10,-4.258955958463395e-10
-2.2031694522816193e-10,-4.185707583657598e-10,-5.655816895927893e-10
-8.14492458110825e-11,-7.551693543414456e-10,-6.602257276323016e-10
-5.020637216142493e-11,-8.987563861564378e-10,-9.507509106469067e-10
-1.2133420232610974e-10,-1.1489727213623524e-10,-4.1518943532342344e-10
-2.1681555591069818e-10,-5.001525634047165e-10,-5.862214191382968e-10
-9.867032676508055e-11,-8.443348990451539e-10,-7.064742785999761e-10
3.456510126355934e-11,-9.653018071923763e-10,-1.0463873870056478e-09
-1.5771572131596948e-10,-1.4416015047999062e-10,-4.706190882067497e-10
-2.2565281657464443e-10,-5.507200046298351e-10,-6.445386557759068e-10
-1.1226261604646764e-10,-9.855931394066675e-10,-7.734392072691738e-10
3.470761700544131e-12,-9.958713720494677e-10,-1.1478003131315873e-09
-1.6760809143788739e-10,-1.2492899078741328e-10,-4.853393073031491e-10
-2.059620972676126e-10,-7.204893092952453e-10,-6.007091807844198e-10
-4.021996846354896e-11,-1.0258702006812208e-09,-8.797345540519976e-10
-1.1938715104751098e-10,-8.489177813964497e-10,-1.3548176255150394e-09
-2.4852698779842447e-10,-1.3992727362112793e-10,-4.175030672648026e-10
-1.299750783354241e-10,-8.355041846480559e-10,-6.275357382344285e-10
3.526660126457201e-11,-1.1097529422977823e-09,-9.78848145051311e-10
2.1668124680719916e-10,-7.491079970313591e-10,-1.7085843619304099e-09
-3.1963053421239876e-10,-1.9350492607098783e-10,-4.744200414182967e-10
9.657742394931117e-12,-8.826115504884719e-10,-3.915995354523508e-10
3.8859530945650163e-10,-9.665359895555124e-10,-1.1468843925370016e-09
1.0593024137970262e-08,4.610145559263878e-09,3.1327374120175807e-09
4.487346628708274e-09,5.909680270157732e-10,-1.261003869286966e-09
-3.154632480065937e-10,-4.3230675165858055e-10,-2.0430302946506572e-10
1.2029888148874887e-10,-1.7016457530790687e-09,-2.6609976184818594e-10
9.962045717549963e-09,3.5476272069113116e-09,1.77033611191011e-09
4.071143457573186e-09,3.731351008279794e-10,-9.339465191329415e-10
6.287388060129623e-09,4.339493308255407e-09,1.3086868392109205e-09
-6.591915196504562e-10,-5.395494933706345e-10,1.0993280494809058e-10
9.885677753705288e-09,1.431220783961032e-09,2.0683834081276555e-09
4.110778698809413e-09,-5.205535441216461e-10,-1.2334939550353776e-10
6.345416263223429e-09,3.0575220720746495e-09,5.186020737625851e-10
4.190112932250596e-09,3.942358847003835e-09,4.781357111225962e-10
8.108883065707668e-09,-1.0408180933006623e-12,1.8953383222058543e-09
1.497199030031588e-09,-1.8625675176418057e-09,7.700734619584107e-10
6.168018649748768e-09,1.2093991638821724e-09,7.73814075184946e-10
4.446628506037804e-09,2.5734389484618794e-09,4.929171596959801e-11
2.97020549243252e-09,3.311707626455649e-09,6.728836624405948e-11
4.610795979477134e-09,1.6805847472801732e-10,8.662158141429958e-10
4.27002404533533e-09,1.0329667640885784e-09,3.1556495121646765e-10
3.205301195952381e-09,2.2342426489379302e-09,-1.3106716341241327e-10
2.1247981746662886e-09,2.8432843982992384e-09,-5.2915363021698087e-11
3.0791916598861398e-09,1.4267493640522667e-10,5.69465401099365e-10
3.198549268915619e-09,9.227895080138659e-10,3.2592536346285396e-11
2.354258372902072e-09,1.830308293668312e-09,-1.568890975732163e-10
1.6649898487293755e-09,2.3911604837018147e-09,-1.4649224832445811e-10
2.2059466493138475e-09,1.2814023360988126e-10,7.902633525852143e-11
2.4339077089069493e-09,7.721190626772741e-10,1.841729513461988e-11
1.8841380761416568e-09,1.4688754955898028e-09,-2.4292035583433526e-10
1.3695993443055587e-09,1.965451978592976e-09,-2.219618052791721e-10
1.6976612227872324e-09,1.821888927534822e-10,4.073240898153331e-11
1.978458412313111e-09,6.363318785299959e-10,-1.2210712050057189e-10
1.5262140940881682e-09,1.2665621980924008e-09,-2.2567445012535742e-10
1.2418150322266165e-09,1.716298547418304e-09,-2.083585932350614e-10
1.2849599566035847e-09,1.2839464562710542e-10,3.814252738070264e-11
1.541713381766263e-09,5.342164933158295e-10,-1.2419684412241607e-10
1.311346914414102e-09,1.1035028739356306e-09,-2.4435889710498633e-10
1.1195331203543007e-09,1.5577390999251544e-09,-1.876549947498469e-10
9.547525267091012e-10,7.815614027095065e-11,-1.7336806857333798e-11
1.2247692382096274e-09,4.670675275312068e-10,-1.6487457759967368e-10
1.119829709443497e-09,9.936199954647037e-10,-2.075207449073608e-10
1.0212473602930796e-09,1.4861649975103023e-09,-1.4732578218988523e-10
7.667390827932712e-10,5.26183268647849e-11,-1.6674094957520425e-11
1.0745897924084985e-09,4.414376329745582e-10,-1.6169959235665484e-10
9.65552872184992e-10,9.711081125676694e-10,-2.503371339007553e-10
9.274713924404345e-10,1.4387081278200482e-09,-1.5118013435875837e-10
6.634347988439987e-10,6.67685878702019e-11,-9.141277398888855e-12
8.759525997329579e-10,4.0610259139405315e-10,-1.432741540987027e-10
8.324276861828971e-10,9.208865274028941e-10,-2.2786123329779136e-10
8.190012922069359e-10,1.4724291081312505e-09,-1.7771106312373614e-10
5.343521390040775e-10,6.702662813777575e-11,-3.6212074455452074e-11
7.333452892255572e-10,3.806647942556638e-10,-1.6345563505031242e-10
7.217187108016442e-10,9.060591893028922e-10,-2.370803883014265e-10
6.355201100300442e-10,1.4998679780570044e-09,-1.700598320754876e-10
4.4217054170146483e-10,5.276236734727966e-11,-2.590060649065488e-11
6.238671350441763e-10,3.8706691379003546e-10,-1.5899179539571777e-10
6.071914501355043e-10,9.570429339080918e-10,-2.2325719522231368e-10
5.05557681292484e-10,1.5131745764329337e-09,-2.1542687321655175e-10
3.4609263770672867e-10,4.515879342733745e-11,-3.597842265390127e-11
4.840495376583879e-10,3.8576684999182914e-10,-1.6856041914327076e-10
4.102930268708694e-10,9.581361720172436e-10,-2.017344031954873e-10
2.8672630890061845e-10,1.501828298594252e-09,-2.0775826491224013e-10
2.594713015418189e-10,3.440823083867209e-11,-4.3387622748691437e-11
3.4093397657538854e-10,3.923464466624282e-10,-1.6344205185836432e-10
2.34722180767497e-10,9.103749313627267e-10,-2.1180250141908015e-10
1.0103241340970798e-10,1.4204638693744731e-09,-1.935023309056106e-10
1.9272426402476541e-10,3.7662215957200915e-11,-5.223048442177765e-11
